<application>
  <component name="NotificationConfiguration" showBalloons="false">
    <notification groupId="Branch Context group" shouldLog="false" />
    <notification groupId="Code style settings migration" displayType="STICKY_BALLOON" shouldLog="false" />
    <notification groupId="Dart Support" shouldLog="false" />
    <notification groupId="External Executable Critical Failures" displayType="STICKY_BALLOON" shouldLog="false" />
    <notification groupId="IDE and Plugin Updates" displayType="STICKY_BALLOON" shouldLog="false" />
    <notification groupId="JBA Cloud Config" displayType="STICKY_BALLOON" shouldLog="false" />
    <notification groupId="LiveEdit Enable" displayType="TOOL_WINDOW" shouldLog="false" />
    <notification groupId="MeteorProject" shouldLog="false" />
    <notification groupId="Node.js interpreter" shouldLog="false" />
    <notification groupId="Plugins Suggestion" displayType="STICKY_BALLOON" shouldLog="false" />
    <notification groupId="Power Save Mode" shouldLog="false" />
    <notification groupId="Project Startup Tasks Messages" displayType="NONE" shouldLog="false" />
    <notification groupId="Required Plugins" shouldLog="false" />
    <notification groupId="scrolling-capabilities-debug" displayType="NONE" shouldLog="false" />
    <notification groupId="System Health" displayType="STICKY_BALLOON" shouldLog="false" />
    <notification groupId="V8 CPU Profiling Messages" displayType="TOOL_WINDOW" shouldLog="false" />
    <notification groupId="V8 Heap Snapshot Analysis Messages" displayType="TOOL_WINDOW" shouldLog="false" />
    <notification groupId="Web Deployment" shouldLog="false" />
    <notification groupId="Webpack" displayType="NONE" shouldLog="false" />
  </component>
</application>